age,employment_status,monthly_income,loan_amount,repayment_period,credit_history,approved
54,Self-employed,196604,200428,6,1,1
27,Employed,109860,423077,6,0,0
53,Employed,244551,419993,24,1,0
55,Employed,62634,208498,24,0,0
59,Employed,249709,1155735,12,1,0
41,Unemployed,2753,5297,18,0,0
48,Student,8148,12035,36,1,0
52,Employed,229826,225122,36,1,1
36,Self-employed,122960,133667,36,0,0
30,Self-employed,32410,25279,6,1,0
43,Unemployed,4685,4190,6,0,0
35,Self-employed,188775,461369,12,1,0
26,Student,11179,21730,6,1,0
53,Student,11036,40607,24,1,0
59,Employed,22684,100174,18,0,0
32,Self-employed,171898,693003,18,0,0
56,Employed,213360,616155,18,1,0
51,Employed,220579,211974,18,0,0
30,Employed,147510,544894,36,1,0
54,Employed,121261,258616,36,0,0
30,Self-employed,76068,67352,24,1,0
31,Employed,242236,1039458,12,1,0
34,Unemployed,4941,9990,6,0,0
23,Self-employed,147615,218783,6,1,1
53,Self-employed,122255,540554,36,1,0
27,Employed,256675,1170335,18,1,0
24,Employed,109376,221526,24,1,0
59,Employed,29933,62757,12,0,0
30,Employed,51979,161567,36,0,0
35,Unemployed,3504,13316,24,1,0
36,Self-employed,24137,18927,24,1,0
58,Employed,293567,930621,36,1,0
24,Unemployed,5059,24220,24,0,0
24,Employed,54482,91498,18,1,1
56,Employed,252723,1159928,24,1,0
47,Self-employed,43363,207091,12,0,0
42,Employed,299229,512038,24,1,0
42,Self-employed,76889,299398,6,1,0
37,Self-employed,99951,157371,24,1,1
54,Self-employed,281050,1073400,36,1,0
52,Employed,148227,606009,6,1,0
26,Employed,137159,221158,36,0,0
53,Employed,198124,737301,12,1,0
28,Student,10504,43638,18,0,0
56,Employed,52691,111367,12,1,1
25,Employed,237252,297671,6,1,1
25,Unemployed,2677,2446,18,1,0
30,Self-employed,286027,883599,24,0,0
27,Unemployed,4432,21723,6,1,0
32,Student,9176,38569,18,0,0
50,Employed,133655,328962,36,0,0
45,Employed,43268,126117,18,1,0
48,Employed,268562,472098,36,1,1
33,Employed,104383,128787,36,1,1
42,Self-employed,272982,728688,18,1,0
38,Employed,257903,666874,12,1,0
47,Self-employed,226724,645865,12,0,0
28,Employed,270736,1296181,36,1,0
26,Employed,139755,449665,6,1,0
31,Self-employed,248757,802483,18,1,0
49,Employed,106842,114973,6,1,1
25,Self-employed,96369,480322,12,0,0
27,Student,3141,12494,6,1,0
42,Self-employed,53521,238030,24,1,0
24,Employed,246556,582945,24,0,0
52,Unemployed,335,924,12,1,0
39,Employed,62448,177937,6,1,0
53,Self-employed,290082,398405,18,1,1
21,Employed,202185,728412,12,1,0
28,Employed,124262,567056,24,1,0
52,Student,204,252,12,0,0
50,Employed,223243,198336,6,0,0
48,Unemployed,6860,26218,6,1,0
52,Employed,208894,361263,6,0,0
45,Unemployed,3537,11698,36,0,0
54,Student,7816,28379,6,1,0
53,Employed,295013,574861,24,1,1
33,Self-employed,265979,1108640,24,1,0
45,Self-employed,225827,671824,36,0,0
59,Student,10637,46914,24,1,0
30,Employed,207370,815963,24,1,0
51,Self-employed,102209,450597,12,1,0
31,Employed,102299,60430,6,1,1
45,Employed,64933,103618,12,0,0
54,Employed,96579,87407,12,1,1
40,Self-employed,160642,399897,24,1,0
27,Unemployed,7115,32051,18,1,0
53,Employed,110177,286893,6,1,0
55,Self-employed,49018,211939,18,0,0
49,Self-employed,173658,342506,24,1,0
32,Employed,22566,45765,36,0,0
25,Unemployed,7536,34138,12,0,0
32,Employed,96489,233134,24,1,0
49,Employed,92940,376773,24,1,0
55,Employed,146731,229618,18,0,0
40,Unemployed,755,3601,36,1,0
57,Student,10329,31871,12,1,0
21,Employed,224447,879149,36,1,0
36,Employed,251538,227093,36,0,0
50,Employed,42129,114464,36,1,0
29,Self-employed,50845,231582,6,0,0
30,Self-employed,99449,442217,36,1,0
33,Student,421,299,24,1,0
40,Unemployed,1599,2984,6,1,0
49,Unemployed,2359,5885,6,0,0
24,Employed,153745,196054,36,1,1
48,Employed,254669,963920,24,0,0
57,Self-employed,51171,68072,12,1,0
33,Employed,109179,224895,36,1,0
23,Employed,120022,418248,6,1,0
57,Employed,161696,431631,12,0,0
39,Employed,128906,492881,12,0,0
48,Self-employed,72930,351919,6,1,0
39,Self-employed,185680,190221,12,1,1
37,Employed,69649,257217,24,1,0
38,Self-employed,233528,358827,24,0,0
38,Employed,83503,197496,36,0,0
43,Self-employed,193196,125168,36,1,1
29,Employed,116875,129916,12,1,0
49,Unemployed,4811,9328,6,0,0
49,Self-employed,71538,145861,24,1,0
22,Self-employed,57455,261313,18,1,0
37,Self-employed,253547,973153,36,1,0
51,Self-employed,40243,196177,24,0,0
48,Employed,143793,459536,12,1,0
59,Self-employed,89231,141673,24,1,0
50,Employed,94648,186877,24,1,1
55,Employed,209939,407126,12,1,1
40,Employed,92778,182700,36,1,0
36,Student,7248,25573,36,1,0
54,Employed,83853,242220,18,1,0
34,Employed,40001,89378,18,1,0
46,Student,5042,5903,36,1,0
40,Unemployed,6150,3687,36,1,0
44,Employed,295483,438720,36,0,0
38,Unemployed,7809,7681,36,0,0
29,Employed,227692,918623,24,1,0
39,Self-employed,248510,250060,18,1,0
40,Self-employed,211745,795955,12,1,0
50,Employed,49044,109636,6,0,0
46,Self-employed,213833,177524,12,1,1
51,Employed,222556,925228,6,0,0
55,Employed,248479,772356,24,1,0
23,Self-employed,103725,161907,18,0,0
49,Employed,117585,532197,6,1,0
26,Student,4163,2929,36,1,0
21,Employed,195460,275244,24,1,1
44,Employed,233440,906730,6,0,0
58,Self-employed,52835,195077,36,0,0
54,Employed,218470,393622,24,1,1
27,Employed,38186,29751,6,1,0
31,Employed,180617,787734,36,0,0
31,Student,11920,22786,18,1,0
56,Employed,125858,173773,24,1,1
40,Employed,48401,136601,6,1,0
36,Employed,117764,541245,36,0,0
25,Employed,78611,54710,18,0,0
44,Employed,294346,1161524,36,1,0
50,Unemployed,4095,12596,18,1,0
50,Student,8351,20163,6,1,0
59,Employed,108121,416088,36,1,0
57,Employed,133944,649120,36,0,0
53,Student,10425,15965,12,0,0
40,Employed,133765,153349,24,0,0
42,Employed,83535,384926,36,1,0
41,Student,7391,25944,18,1,0
57,Self-employed,133056,328773,24,0,0
47,Employed,297619,916567,6,0,0
58,Employed,195977,755542,24,1,0
55,Employed,99870,397347,12,1,0
58,Employed,104366,484208,6,1,0
26,Self-employed,143836,348197,36,1,0
52,Self-employed,112814,205360,6,1,0
36,Self-employed,247119,834888,6,0,0
48,Employed,60185,142685,12,0,0
36,Employed,84398,268022,18,0,0
47,Employed,271326,648451,6,0,0
23,Unemployed,7526,8944,18,1,0
41,Self-employed,96593,252341,24,1,0
58,Employed,177499,640617,12,0,0
58,Employed,127518,522412,36,1,0
50,Unemployed,609,1656,6,0,0
42,Employed,129626,161199,18,1,1
39,Employed,214762,508147,6,1,0
51,Employed,296204,1196167,12,1,0
40,Employed,164679,388291,36,0,0
39,Unemployed,4137,15035,24,1,0
22,Self-employed,215285,599022,24,1,0
59,Self-employed,109610,173787,18,1,0
47,Unemployed,5449,22246,24,0,0
28,Student,4166,3661,18,1,0
47,Employed,236381,676523,36,1,0
35,Employed,52970,76277,6,1,1
32,Employed,179282,143747,12,1,1
34,Employed,64088,177088,36,1,0
27,Self-employed,31683,87065,36,1,0
37,Unemployed,1098,4041,24,1,0
46,Self-employed,246608,949780,24,0,0
57,Employed,186624,704517,12,1,0
40,Employed,250179,586172,6,1,0
30,Employed,65321,218342,36,0,0
39,Unemployed,2700,8359,24,0,0
38,Employed,194933,467259,36,1,1
50,Employed,190236,606369,6,1,0
50,Employed,102095,486239,18,0,0
45,Student,4773,6529,6,1,0
44,Self-employed,196035,897051,36,0,0
30,Unemployed,256,189,36,1,0
22,Self-employed,134527,253953,12,1,0
58,Employed,278950,501176,36,1,1
52,Employed,243289,807389,24,1,0
55,Employed,287600,313631,12,0,0
57,Self-employed,23413,104669,36,1,0
27,Unemployed,5388,22783,6,1,0
27,Employed,179009,614769,36,0,0
47,Employed,40563,103957,6,1,0
30,Self-employed,279605,1313668,6,1,0
53,Employed,27386,116071,36,1,0
27,Self-employed,120244,330300,6,0,0
26,Employed,79150,289564,18,1,0
26,Employed,180644,551178,12,1,0
33,Employed,186343,586186,36,0,0
33,Self-employed,200882,399633,18,0,0
22,Employed,96566,249080,6,0,0
39,Employed,164210,139832,6,1,1
39,Unemployed,7795,16432,12,1,0
58,Employed,198441,720584,18,1,0
22,Employed,166718,798491,18,0,0
46,Self-employed,48812,235946,36,1,0
26,Employed,108958,326956,6,1,0
40,Employed,296772,958514,24,0,0
43,Student,10243,13682,36,1,0
35,Self-employed,281290,1020769,36,0,0
26,Self-employed,66557,54441,36,1,1
48,Self-employed,236033,420394,12,1,1
55,Employed,228803,802557,12,1,0
31,Employed,235330,446278,36,1,1
28,Employed,36494,26433,24,1,1
44,Student,5512,23389,18,0,0
41,Employed,81635,154819,18,1,1
56,Employed,151197,118534,6,1,1
27,Student,5025,4203,18,1,0
25,Self-employed,143141,233737,18,0,0
49,Student,8974,11675,24,0,0
36,Self-employed,63162,251659,18,1,0
26,Employed,267364,520712,24,0,0
34,Unemployed,3072,12660,12,0,0
22,Employed,27590,35378,24,1,0
45,Employed,297202,807782,12,1,0
51,Self-employed,99837,359030,24,1,0
33,Self-employed,123397,423740,36,1,0
38,Unemployed,380,1217,12,0,0
37,Student,9593,44719,12,0,0
48,Unemployed,6305,9636,18,1,0
32,Employed,146681,399227,12,1,0
55,Self-employed,104194,466577,24,1,0
42,Self-employed,179515,152681,36,0,0
59,Student,4012,3015,36,0,0
21,Employed,84936,131638,18,0,0
57,Employed,129877,434905,24,1,0
41,Unemployed,4504,7519,24,1,0
21,Employed,168745,228831,6,0,0
24,Self-employed,95909,245969,12,0,0
52,Employed,268271,874883,18,1,0
21,Employed,25720,41628,36,1,1
33,Self-employed,71940,133312,6,1,0
37,Employed,91762,299237,24,0,0
32,Self-employed,219584,1044302,12,1,0
27,Employed,189091,668689,36,1,0
23,Employed,104833,421750,6,1,0
46,Employed,292880,629881,24,0,0
51,Self-employed,158043,272647,36,1,1
56,Employed,277989,707260,36,1,0
46,Self-employed,151003,623959,24,0,0
23,Self-employed,273686,698815,24,0,0
48,Self-employed,75155,323937,18,1,0
37,Self-employed,148491,734952,36,1,0
58,Employed,162180,133655,24,1,1
50,Employed,97613,68753,6,1,1
22,Self-employed,76938,90260,12,1,1
28,Employed,121163,270152,18,0,0
34,Unemployed,4054,4417,24,1,0
57,Unemployed,7056,31173,12,1,0
55,Employed,221818,134013,18,1,1
59,Self-employed,128712,247264,36,0,0
31,Student,5512,7337,12,0,0
35,Employed,119124,558921,18,1,0
22,Self-employed,145940,512638,24,0,0
57,Employed,213356,982320,24,0,0
52,Employed,249179,1214867,18,0,0
33,Unemployed,224,613,36,0,0
37,Self-employed,105049,163291,18,1,0
35,Self-employed,64974,89130,6,1,0
53,Unemployed,7363,11067,18,0,0
36,Self-employed,231468,853809,18,1,0
33,Self-employed,170856,116524,24,1,1
42,Self-employed,31774,23230,36,1,0
43,Self-employed,186040,602145,18,1,0
56,Unemployed,6356,21542,12,1,0
30,Student,3139,10966,24,0,0
37,Self-employed,91587,199060,24,1,0
50,Self-employed,79317,327321,18,1,0
33,Employed,26371,76510,12,1,0
50,Unemployed,7618,7424,18,0,0
50,Self-employed,133538,545762,12,1,0
27,Self-employed,218491,1046310,24,1,0
30,Employed,221429,170536,12,1,1
55,Unemployed,3438,7773,18,1,0
22,Employed,28338,76337,6,0,0
50,Employed,173079,200619,6,0,0
39,Self-employed,284621,1253667,12,1,0
59,Self-employed,229743,408637,18,0,0
57,Employed,151440,609324,36,1,0
23,Self-employed,137537,484058,6,1,0
45,Employed,131902,420926,24,1,0
54,Employed,27139,37035,18,1,1
42,Employed,178213,266101,18,1,1
58,Unemployed,22,15,6,0,0
34,Employed,152959,242165,36,1,1
59,Employed,294119,604266,24,1,0
22,Self-employed,151616,644239,36,1,0
52,Employed,104984,225586,24,1,0
23,Self-employed,108366,422172,6,1,0
28,Unemployed,7259,17984,18,1,0
46,Unemployed,6612,26658,24,1,0
52,Employed,70382,344394,18,1,0
31,Employed,116538,184046,12,0,0
21,Self-employed,133117,583123,12,0,0
35,Employed,295477,974544,6,1,0
24,Employed,299086,1249528,6,1,0
24,Employed,231292,793825,6,1,0
48,Employed,94397,227286,12,0,0
30,Student,3319,5065,24,1,0
31,Self-employed,234062,190797,36,1,1
43,Employed,67060,195133,6,1,0
23,Employed,101292,502050,36,1,0
59,Student,822,3141,36,0,0
59,Employed,61104,120561,12,1,0
37,Self-employed,22634,95570,24,1,0
42,Employed,216282,856569,12,1,0
47,Unemployed,4128,7295,6,1,0
36,Self-employed,289432,163350,12,0,0
36,Employed,225600,232758,12,1,0
23,Employed,54253,241310,12,1,0
53,Self-employed,47005,200454,6,0,0
22,Student,4693,8580,6,1,0
59,Employed,244673,436344,12,1,0
47,Self-employed,37798,153758,12,1,0
35,Employed,180373,851327,36,1,0
27,Unemployed,1682,6738,24,1,0
29,Self-employed,23846,76905,36,1,0
26,Employed,83571,133046,24,1,1
32,Employed,296625,850087,24,0,0
50,Employed,144908,224723,12,1,1
40,Self-employed,62154,257072,36,1,0
40,Employed,202248,453303,24,0,0
47,Employed,149447,635394,24,1,0
40,Student,6115,13558,6,1,0
27,Employed,28048,118044,24,1,0
50,Self-employed,47386,94768,12,0,0
28,Employed,184408,457441,18,1,1
22,Employed,124794,408038,6,1,0
34,Employed,167863,137025,18,1,1
30,Self-employed,97481,464685,12,1,0
38,Employed,110217,339603,18,1,0
38,Unemployed,1386,3860,24,0,0
36,Employed,264985,1133413,18,1,0
25,Employed,93247,409907,36,0,0
51,Unemployed,2063,5879,12,0,0
57,Employed,294249,1374931,36,0,0
40,Employed,69645,55111,18,1,1
43,Employed,231846,234052,36,1,1
52,Self-employed,42612,135742,6,1,0
37,Unemployed,2145,4490,18,1,0
33,Employed,192076,497287,36,0,0
33,Employed,41294,81611,24,1,0
37,Self-employed,104300,242107,18,1,0
35,Student,3937,16542,6,1,0
46,Employed,155496,493022,24,0,0
48,Unemployed,4444,22166,18,0,0
50,Employed,46863,189371,24,1,0
55,Employed,263571,456372,18,1,0
42,Employed,49469,83580,18,1,1
30,Employed,123101,247622,12,0,0
31,Employed,174256,748371,36,1,0
58,Student,10348,6444,18,1,0
53,Employed,137456,211107,6,0,0
26,Employed,186247,851546,36,1,0
57,Employed,83872,283448,12,1,0
27,Self-employed,52208,79398,36,1,0
32,Unemployed,2332,3465,36,0,0
27,Employed,71998,315479,18,1,0
22,Employed,263783,1192802,6,0,0
21,Employed,203535,336359,18,1,0
43,Employed,79895,191132,6,1,0
45,Employed,52894,225099,6,1,0
38,Employed,41990,166680,24,0,0
27,Self-employed,93230,388081,18,1,0
23,Self-employed,56087,158882,12,0,0
49,Employed,290817,1338331,36,1,0
30,Employed,189271,372254,24,0,0
25,Self-employed,267881,322803,12,0,0
54,Self-employed,203359,750251,18,1,0
28,Employed,124794,365283,6,0,0
34,Unemployed,4365,18968,18,1,0
26,Employed,102158,88388,18,1,1
21,Employed,21420,92033,24,1,0
53,Employed,198512,361257,12,0,0
31,Student,11794,40652,24,1,0
44,Employed,64310,43768,12,0,0
30,Unemployed,6722,21800,24,1,0
43,Employed,63953,238399,36,1,0
36,Employed,287131,620023,6,1,0
57,Self-employed,242670,356566,6,1,0
36,Employed,196589,573909,6,1,0
51,Employed,52456,222904,36,0,0
26,Employed,138763,271415,36,1,0
50,Unemployed,4324,7074,6,1,0
57,Employed,241916,424613,6,1,0
21,Employed,105398,502863,12,0,0
45,Employed,224278,474739,12,0,0
41,Self-employed,137183,70816,18,1,0
55,Employed,280360,1126364,24,1,0
58,Employed,49681,181173,12,1,0
25,Employed,290467,313285,12,1,1
32,Self-employed,198295,978004,12,1,0
25,Employed,116123,375806,12,1,0
29,Employed,111354,306614,36,1,0
29,Self-employed,176319,391425,18,0,0
55,Student,502,2281,12,1,0
21,Self-employed,242445,387387,24,1,0
30,Employed,290628,519049,12,1,1
59,Self-employed,181754,190995,36,1,0
56,Student,6032,23621,6,0,0
57,Employed,147162,467971,6,1,0
55,Employed,173010,560690,18,1,0
37,Employed,74890,111070,6,1,1
33,Unemployed,422,1447,12,1,0
26,Employed,146193,576667,36,0,0
57,Employed,87696,185082,18,0,0
52,Employed,142359,584534,12,1,0
31,Unemployed,6410,13265,6,0,0
37,Employed,157293,615270,24,0,0
25,Self-employed,45294,29521,12,1,0
26,Unemployed,4411,13145,24,1,0
30,Employed,204721,995531,24,0,0
53,Self-employed,28255,138890,18,0,0
50,Employed,219307,387709,36,1,1
41,Student,9585,23831,6,0,0
37,Self-employed,107464,84187,6,1,0
47,Student,11519,51029,12,0,0
23,Employed,201155,615247,6,1,0
49,Employed,43855,97926,18,1,0
22,Employed,54758,55166,6,0,0
49,Employed,269416,1282542,12,0,0
56,Unemployed,4479,12926,6,1,0
54,Employed,125094,221813,36,1,0
57,Employed,287527,596896,24,1,1
21,Employed,264951,455222,24,0,0
46,Employed,80112,257010,24,1,0
21,Employed,160909,753832,36,1,0
24,Employed,99486,433273,18,1,0
59,Unemployed,3641,9363,12,0,0
34,Employed,200875,847541,36,1,0
38,Self-employed,119354,286923,12,0,0
54,Employed,229965,376080,18,1,1
21,Self-employed,33369,164354,36,1,0
42,Employed,80428,150198,6,1,0
36,Student,3152,6167,18,1,0
42,Self-employed,85123,421666,24,1,0
36,Employed,158333,174589,36,0,0
48,Employed,260222,1020695,18,0,0
48,Employed,220130,1037067,18,0,0
42,Self-employed,295834,829245,36,0,0
26,Self-employed,34559,17671,24,0,0
45,Employed,299116,654395,24,1,0
22,Employed,61530,61656,18,1,1
27,Unemployed,7619,18078,12,0,0
37,Unemployed,6222,25230,18,0,0
55,Self-employed,218250,539994,36,1,0
40,Employed,283509,692800,36,0,0
22,Unemployed,1235,3711,36,0,0
27,Self-employed,114356,356517,24,1,0
52,Employed,78896,343460,6,1,0
39,Employed,240595,454146,36,1,0
32,Self-employed,81645,342706,36,1,0
29,Employed,89551,272835,12,1,0
47,Employed,219570,406727,12,0,0
34,Unemployed,791,1446,18,0,0
22,Self-employed,106069,225409,18,1,0
41,Unemployed,5174,17085,18,1,0
24,Employed,25699,39541,36,1,0
41,Student,8009,37173,12,0,0
42,Employed,164670,508353,18,1,0
22,Self-employed,239547,1111515,12,0,0
37,Employed,146473,103822,36,1,1
39,Employed,175846,359033,36,1,1
44,Employed,203456,122609,18,0,0
40,Self-employed,284966,491604,36,1,1
58,Employed,110585,484254,36,1,0
32,Employed,107420,71406,12,1,1
45,Employed,295196,726967,6,0,0
43,Employed,103574,106583,24,1,1
54,Self-employed,150171,356773,18,0,0
52,Student,8512,36387,6,1,0
44,Employed,139879,462134,18,1,0
45,Self-employed,298695,1139641,6,0,0
23,Student,1612,3338,36,0,0
45,Self-employed,289805,1376512,18,1,0
48,Self-employed,215619,795996,6,1,0
32,Employed,115406,276754,24,0,0
46,Employed,211686,512087,36,0,0
28,Employed,273043,1265302,18,1,0
25,Employed,261575,809266,18,1,0
31,Unemployed,6228,22910,6,1,0
55,Employed,164603,391205,18,1,1
47,Employed,281697,424409,36,1,1
58,Unemployed,1748,6565,12,0,0
39,Employed,154564,500046,6,1,0
52,Student,1593,4390,24,1,0
48,Self-employed,78859,260873,18,0,0
56,Employed,216896,311741,36,1,1
38,Self-employed,191656,780562,18,1,0
30,Self-employed,21076,100463,24,1,0
52,Employed,133868,603739,36,1,0
38,Employed,185211,360505,24,1,1
32,Employed,217682,506551,36,0,0
28,Self-employed,188774,781111,12,1,0
53,Employed,282041,896333,36,0,0
58,Self-employed,178607,529679,24,1,0
34,Employed,118343,552648,6,1,0
22,Employed,179270,522054,12,1,0
29,Employed,210185,592138,18,0,0
25,Employed,208912,143957,12,0,0
54,Employed,143476,116556,12,1,1
39,Employed,81913,43691,18,1,0
27,Employed,33348,153720,36,0,0
59,Student,2181,5098,12,0,0
37,Employed,134369,350505,12,1,0
46,Self-employed,20318,87453,6,1,0
47,Student,9813,31809,6,1,0
48,Student,3658,11862,24,0,0
40,Unemployed,1872,3434,18,1,0
26,Employed,217983,926991,36,1,0
28,Self-employed,210922,262858,36,0,0
52,Unemployed,884,653,24,1,0
39,Unemployed,3963,5398,36,1,0
52,Self-employed,294801,502581,36,0,0
39,Employed,101119,179021,6,1,0
44,Student,5106,17959,36,1,0
44,Employed,197503,292346,36,0,0
37,Employed,148801,527493,24,0,0
38,Employed,214547,195258,24,0,0
32,Employed,222587,258737,12,1,1
43,Employed,27943,77952,36,0,0
38,Employed,140730,654187,36,1,0
36,Student,5879,25679,36,1,0
36,Employed,250481,1217184,6,1,0
56,Employed,89305,306062,36,1,0
43,Unemployed,7098,25135,6,0,0
42,Employed,30112,99749,12,1,0
59,Employed,213684,705730,18,1,0
53,Employed,252548,293471,36,1,1
44,Employed,66809,196874,24,1,0
40,Employed,280462,627479,24,1,0
53,Self-employed,52205,130064,36,1,0
51,Unemployed,247,705,6,1,0
28,Self-employed,187170,201728,24,0,0
30,Employed,130947,277305,24,1,0
21,Employed,146201,114844,12,1,1
41,Employed,136558,670295,12,0,0
45,Employed,258713,267347,12,1,0
52,Employed,253367,421440,24,0,0
30,Unemployed,2760,12449,24,0,0
29,Employed,110236,294572,36,1,0
40,Employed,257879,286340,36,1,1
40,Employed,84702,188803,6,1,0
27,Employed,231945,236910,24,1,1
31,Self-employed,162184,227215,36,0,0
41,Unemployed,1368,1004,36,1,0
58,Employed,157011,388134,12,1,0
39,Employed,193021,797150,12,0,0
35,Student,5052,15847,12,1,0
26,Self-employed,92353,298166,18,1,0
30,Student,4277,5999,36,1,0
36,Employed,177400,363230,12,0,0
31,Employed,162223,698141,12,1,0
55,Employed,178691,159991,24,1,1
28,Employed,144506,630145,12,1,0
48,Self-employed,178736,478405,24,1,0
23,Employed,157852,673580,6,1,0
22,Employed,219939,424708,12,0,0
34,Employed,48604,98413,24,0,0
49,Unemployed,1811,7030,12,1,0
23,Employed,37762,152274,6,1,0
21,Employed,174837,268095,12,1,1
35,Self-employed,214798,1047767,24,1,0
40,Employed,188115,165579,6,1,0
42,Employed,238530,192795,6,0,0
54,Employed,161628,513939,6,1,0
53,Unemployed,4182,15692,18,1,0
29,Self-employed,150731,727124,24,1,0
23,Self-employed,30004,69676,18,1,0
22,Student,10342,6348,6,1,0
24,Student,10572,33968,18,1,0
36,Self-employed,227796,410860,12,1,0
53,Employed,20247,49569,18,0,0
29,Self-employed,65995,178061,36,0,0
58,Employed,230419,182101,6,1,1
38,Student,7556,20302,6,1,0
36,Self-employed,81969,198236,24,1,0
28,Employed,269983,1000678,12,0,0
43,Employed,185391,631348,24,1,0
56,Employed,219613,292847,18,1,1
23,Employed,88858,126855,36,0,0
35,Employed,60765,99018,36,1,1
58,Employed,163538,213462,36,1,1
53,Employed,211883,732576,36,0,0
38,Self-employed,253543,1261360,12,1,0
43,Employed,73565,252658,18,0,0
23,Employed,204698,661188,36,1,0
50,Employed,220839,517795,6,0,0
37,Unemployed,2023,3857,18,1,0
52,Employed,28086,129190,12,1,0
27,Employed,174534,848323,36,1,0
59,Self-employed,198841,543928,12,1,0
34,Employed,138409,249953,36,1,1
35,Employed,206950,820670,6,0,0
32,Employed,168028,184168,18,1,1
28,Self-employed,273831,1080303,6,1,0
36,Self-employed,125317,524485,36,0,0
54,Self-employed,258860,274926,24,1,1
44,Employed,65602,321179,18,1,0
49,Self-employed,156677,773170,12,1,0
36,Employed,168010,792207,36,0,0
25,Employed,132355,361614,6,0,0
25,Employed,194606,312796,24,0,0
50,Self-employed,35009,109194,36,0,0
25,Employed,48185,115147,12,1,0
33,Self-employed,242127,345459,6,1,0
55,Unemployed,2180,5246,18,0,0
45,Employed,29185,101782,24,0,0
34,Employed,84366,69105,36,1,1
46,Employed,299649,599412,36,1,0
38,Employed,205333,119108,36,1,1
40,Employed,167511,648724,36,0,0
54,Student,8485,28705,6,0,0
27,Employed,246236,192562,18,1,1
30,Self-employed,241443,1168902,12,1,0
35,Employed,90272,54325,24,1,1
37,Unemployed,3646,11502,36,0,0
31,Unemployed,2375,9484,36,1,0
54,Self-employed,165939,671311,18,1,0
47,Unemployed,3880,2538,18,1,0
41,Employed,78527,359564,6,0,0
51,Employed,166441,771126,6,1,0
24,Self-employed,260209,787459,6,1,0
37,Self-employed,30856,82366,24,0,0
40,Unemployed,5735,4025,6,1,0
45,Employed,245993,745062,36,1,0
43,Employed,182135,426597,6,1,0
35,Employed,212023,843348,24,0,0
53,Unemployed,1729,4006,6,1,0
39,Student,1924,6880,6,0,0
35,Self-employed,254573,243457,36,0,0
25,Employed,89098,97855,36,1,0
36,Self-employed,136382,153933,36,1,0
52,Self-employed,214637,151290,6,0,0
42,Employed,155442,456374,36,1,0
52,Self-employed,175117,713226,18,0,0
33,Employed,107236,348179,12,1,0
58,Employed,68671,212007,12,0,0
46,Employed,218849,779716,36,1,0
37,Self-employed,181711,368583,24,1,0
25,Unemployed,6199,13196,36,1,0
53,Self-employed,172350,329915,36,1,0
47,Self-employed,219623,813591,6,1,0
25,Employed,190655,234006,24,1,0
57,Self-employed,90400,50498,36,0,0
27,Employed,29676,94455,18,0,0
38,Self-employed,286378,1357636,12,1,0
51,Employed,132451,429450,18,0,0
26,Self-employed,159598,642086,18,1,0
22,Self-employed,21207,74808,18,1,0
33,Self-employed,102844,281634,24,0,0
31,Self-employed,72097,269121,24,1,0
46,Employed,140069,589475,24,0,0
41,Unemployed,2807,4242,12,0,0
22,Employed,97313,195850,6,0,0
40,Student,11358,17113,36,0,0
37,Self-employed,261832,663686,36,1,0
36,Employed,213171,955600,6,1,0
25,Unemployed,3728,7655,36,1,0
34,Self-employed,248663,543353,18,1,1
44,Student,7962,34807,12,0,0
24,Self-employed,109399,308415,36,0,0
44,Employed,152970,445069,12,1,0
29,Employed,191140,835970,6,0,0
23,Employed,87963,238148,36,1,0
29,Unemployed,875,3121,12,1,0
38,Self-employed,209726,185691,18,1,1
56,Employed,56123,73175,18,1,0
39,Self-employed,263429,611074,6,0,0
44,Self-employed,24902,67902,24,1,0
24,Employed,177922,862174,36,1,0
29,Employed,68554,333716,18,0,0
53,Employed,194106,840554,18,1,0
21,Employed,215915,414598,6,0,0
55,Employed,159352,770965,18,1,0
30,Employed,261372,941470,36,1,0
32,Unemployed,5699,12926,6,0,0
38,Employed,77465,283331,12,0,0
34,Employed,188801,108438,6,0,0
30,Employed,52800,61126,36,0,0
30,Employed,254074,1075644,36,0,0
38,Employed,225495,767828,12,0,0
44,Employed,117143,250554,6,0,0
21,Self-employed,138529,381370,36,1,0
50,Self-employed,248749,1137563,36,1,0
35,Employed,258092,862569,12,1,0
28,Self-employed,98871,226579,24,0,0
55,Employed,286070,297933,6,0,0
38,Employed,133682,243549,36,1,0
36,Self-employed,63056,309133,18,1,0
41,Unemployed,2414,5958,12,1,0
35,Self-employed,104147,273206,24,0,0
25,Employed,185233,508222,24,1,0
27,Student,7106,31823,12,1,0
27,Employed,222672,716486,24,1,0
47,Employed,76714,277823,36,1,0
45,Employed,149613,336982,24,1,0
42,Self-employed,157711,99498,6,1,1
33,Unemployed,4841,22701,18,1,0
37,Employed,273134,1303142,36,0,0
33,Employed,84546,403384,12,0,0
46,Self-employed,248934,1181588,18,1,0
29,Student,10933,45575,36,0,0
25,Employed,49974,178941,18,1,0
59,Unemployed,698,3001,24,1,0
53,Employed,120361,385451,12,1,0
24,Self-employed,128747,142222,12,1,0
48,Employed,121245,274072,6,1,0
46,Employed,183996,896212,24,1,0
24,Self-employed,46649,97035,6,1,0
36,Unemployed,6362,28026,6,1,0
57,Employed,118099,108586,24,1,1
42,Employed,50373,100938,36,0,0
56,Employed,233752,486038,6,1,0
58,Employed,225573,165167,18,0,0
55,Self-employed,42791,44328,36,0,0
45,Employed,209968,287497,24,1,1
28,Self-employed,43115,184108,12,1,0
37,Employed,168413,132256,36,0,0
38,Student,1608,2965,6,1,0
32,Employed,76035,41498,18,1,1
53,Employed,163477,593474,24,1,0
43,Employed,244420,804475,12,1,0
32,Unemployed,1915,6515,18,1,0
31,Employed,270766,591548,12,0,0
33,Employed,213381,306672,24,1,1
55,Unemployed,7076,26474,36,0,0
47,Unemployed,6622,27481,6,1,0
45,Unemployed,315,353,24,0,0
23,Employed,109461,294530,18,1,0
45,Employed,130159,210756,36,0,0
30,Self-employed,221696,278556,12,1,1
37,Employed,36550,139053,36,0,0
23,Employed,112816,329584,36,1,0
42,Employed,293775,432681,18,1,1
58,Student,5385,10204,6,1,0
34,Employed,70581,342313,36,1,0
47,Self-employed,229402,990800,36,1,0
40,Employed,103554,461826,6,0,0
38,Self-employed,94398,242607,6,0,0
33,Self-employed,152762,505204,12,0,0
26,Employed,297884,653990,12,1,1
30,Employed,264470,224721,6,0,0
57,Self-employed,199715,460305,24,0,0
49,Employed,108560,344451,6,1,0
26,Self-employed,105877,189747,12,0,0
59,Self-employed,291300,1257186,18,0,0
31,Self-employed,116589,137569,18,1,0
45,Employed,168278,362147,36,1,0
50,Employed,251437,267043,18,0,0
40,Self-employed,107095,248647,12,0,0
57,Employed,281522,191005,18,1,1
36,Student,9811,16938,24,0,0
51,Student,275,633,6,1,0
49,Employed,295109,782553,6,1,0
26,Employed,294372,867406,12,1,0
49,Employed,68419,118875,36,1,0
52,Student,6054,17276,6,1,0
29,Employed,69229,193184,18,1,0
57,Employed,251535,483651,24,1,1
43,Self-employed,163894,694238,36,1,0
36,Employed,50070,147976,36,0,0
38,Employed,219795,438538,36,1,1
39,Employed,144045,686089,6,0,0
22,Self-employed,289279,1244769,36,1,0
30,Employed,230116,1132549,12,1,0
32,Employed,262763,949902,18,1,0
38,Unemployed,7928,17457,24,1,0
39,Employed,190956,336822,18,1,0
58,Self-employed,242675,845705,12,0,0
57,Employed,169115,830976,12,0,0
47,Employed,116108,385503,18,1,0
34,Employed,95043,424582,6,1,0
54,Self-employed,23062,45685,12,1,0
22,Employed,110236,256992,36,0,0
53,Employed,72214,330612,24,1,0
39,Employed,73409,286728,24,1,0
47,Employed,161940,796153,12,0,0
50,Employed,88089,351161,36,1,0
27,Self-employed,114047,287206,18,1,0
47,Employed,37428,108159,24,0,0
41,Self-employed,222565,1013187,36,1,0
27,Employed,189461,565050,36,0,0
45,Employed,54734,90272,6,0,0
58,Unemployed,1130,2780,12,1,0
38,Employed,132168,373166,36,1,0
53,Employed,104170,97423,18,0,0
53,Self-employed,263543,1013832,24,1,0
52,Student,11758,11665,6,0,0
45,Employed,215174,499661,18,1,0
34,Unemployed,5483,22594,24,1,0
58,Self-employed,90160,234782,12,1,0
58,Employed,138296,593161,18,0,0
24,Self-employed,73077,148964,24,0,0
38,Employed,264002,1269681,6,0,0
30,Employed,114096,164595,24,1,0
55,Employed,53435,35918,36,1,1
55,Self-employed,53152,235246,6,0,0
43,Employed,129620,503562,18,1,0
45,Employed,252816,390329,12,0,0
21,Self-employed,36396,179480,6,1,0
38,Self-employed,191566,528772,6,0,0
35,Student,5301,25337,6,1,0
45,Employed,156475,433847,24,1,0
52,Employed,43838,115006,36,1,0
40,Employed,276097,696074,12,0,0
37,Self-employed,95593,191849,12,0,0
31,Employed,151172,438649,36,0,0
33,Unemployed,3229,8190,24,0,0
45,Employed,90514,60224,24,0,0
40,Unemployed,150,250,36,1,0
45,Self-employed,231139,337243,36,1,0
51,Unemployed,5379,23686,18,1,0
21,Employed,135137,431751,24,1,0
36,Self-employed,121471,478179,6,1,0
48,Employed,31629,152000,12,1,0
41,Employed,154928,526472,24,1,0
50,Employed,51051,251260,36,1,0
23,Self-employed,265131,504527,6,1,0
54,Employed,237405,317695,18,1,1
26,Unemployed,2427,5618,18,1,0
49,Employed,92372,241885,6,1,0
23,Employed,63406,287173,6,1,0
53,Employed,55017,166136,36,1,0
31,Self-employed,292849,531466,36,1,0
25,Employed,170678,655720,12,0,0
52,Unemployed,7605,21113,12,1,0
38,Employed,112469,138291,18,1,1
40,Student,4739,14670,6,0,0
59,Employed,65318,300546,18,1,0
48,Employed,274423,1177769,36,1,0
33,Self-employed,153286,481416,24,0,0
46,Unemployed,2226,4890,36,1,0
36,Employed,277177,247076,24,1,1
45,Unemployed,5430,14190,6,1,0
30,Employed,195768,760432,6,1,0
49,Self-employed,285399,605397,6,1,0
58,Employed,47841,74608,12,1,1
40,Employed,281121,1318797,12,1,0
46,Employed,25334,106326,24,1,0
52,Unemployed,3080,10386,18,0,0
59,Student,9906,11050,18,1,0
58,Employed,190780,219795,24,1,1
44,Unemployed,6310,6085,12,1,0
51,Employed,143935,471147,36,0,0
32,Self-employed,36029,36750,24,0,0
56,Employed,260957,1119981,18,1,0
30,Self-employed,263533,1309322,24,1,0
26,Employed,257648,553573,24,1,1
27,Employed,108719,276310,6,1,0
51,Self-employed,108499,401717,12,0,0
47,Unemployed,7957,37534,6,1,0
28,Self-employed,159199,720124,12,1,0
23,Student,8046,6108,24,1,0
41,Unemployed,907,1143,12,1,0
21,Employed,286008,1114197,18,1,0
35,Employed,96197,346311,6,0,0
27,Self-employed,137201,150850,24,1,1
35,Student,7392,20396,18,1,0
45,Student,689,2765,12,1,0
23,Self-employed,61284,90976,12,1,1
50,Self-employed,230994,1021176,18,1,0
34,Self-employed,143556,105997,12,0,0
24,Employed,75277,302604,6,1,0
56,Employed,35316,115525,36,0,0
23,Self-employed,226811,435113,12,1,0
25,Unemployed,7236,27093,24,0,0
45,Student,4303,17300,12,1,0
51,Employed,170160,800185,24,1,0
31,Self-employed,133949,288658,12,0,0
28,Unemployed,5279,18936,12,0,0
46,Self-employed,297563,955704,24,1,0
22,Employed,242088,693201,6,1,0
48,Self-employed,204821,923102,36,1,0
30,Self-employed,129796,66747,36,0,0
59,Self-employed,119427,211326,6,1,0
57,Self-employed,108855,318101,12,1,0
59,Unemployed,3975,5176,36,1,0
41,Employed,136958,628007,6,0,0
48,Employed,235716,804776,6,1,0
58,Self-employed,257497,682488,36,0,0
53,Employed,204086,850254,24,0,0
31,Student,11509,29106,18,1,0
21,Employed,27025,81451,24,0,0
53,Employed,294693,150994,12,1,1
23,Unemployed,2293,4919,24,0,0
46,Employed,201495,226592,18,0,0
35,Unemployed,7914,28518,18,1,0
34,Self-employed,143296,380539,6,1,0
43,Employed,34075,63308,12,0,0
28,Unemployed,610,1589,6,0,0
56,Employed,36010,51974,24,0,0
40,Employed,217505,1014201,24,1,0
26,Employed,282749,210047,36,1,1
53,Employed,187517,824020,6,1,0
48,Unemployed,3181,8910,6,1,0
58,Self-employed,237022,778678,6,1,0
50,Employed,100266,186667,6,1,0
37,Self-employed,58541,283932,18,1,0
29,Self-employed,76327,134971,36,0,0
48,Unemployed,3987,12558,12,1,0
27,Employed,63654,316384,12,1,0
48,Unemployed,3333,14881,12,1,0
37,Employed,154590,450395,18,0,0
25,Self-employed,182054,902384,36,0,0
25,Student,1422,5199,36,1,0
34,Employed,25378,36522,18,0,0
26,Employed,99712,231848,6,1,0
27,Employed,147067,294901,24,0,0
37,Employed,253103,518370,6,0,0
29,Employed,198065,776821,12,0,0
51,Self-employed,113104,353923,6,0,0
42,Employed,210125,141081,18,0,0
29,Employed,166540,740856,12,1,0
36,Employed,114385,209963,24,1,0
56,Employed,290318,1447768,12,1,0
54,Employed,65820,315531,6,0,0
33,Self-employed,146518,693380,36,1,0
39,Employed,170170,706218,36,1,0
32,Student,9764,14575,36,0,0
56,Employed,36722,106378,12,1,0
30,Student,10893,16441,36,0,0
36,Employed,130760,218178,18,1,0
48,Self-employed,60452,196425,24,0,0
39,Self-employed,199383,136328,36,1,1
26,Unemployed,5982,29087,18,1,0
24,Self-employed,26387,122278,18,1,0
50,Student,7426,16437,12,1,0
59,Self-employed,272236,767542,12,1,0
51,Self-employed,207708,539529,24,1,0
47,Unemployed,2054,9181,24,1,0
41,Self-employed,48337,173950,6,1,0
57,Employed,24804,43444,24,1,0
29,Employed,77450,194460,12,1,0
55,Unemployed,3674,8929,18,0,0
41,Employed,142766,687705,6,0,0
37,Self-employed,83452,107561,24,0,0
44,Employed,267448,241530,18,1,1
51,Employed,192037,857019,12,0,0
26,Self-employed,59440,269565,36,1,0
55,Self-employed,105263,465559,6,0,0
57,Employed,146775,410881,18,0,0
33,Employed,69217,240103,12,0,0
45,Employed,236402,717511,12,1,0
52,Self-employed,88517,71921,6,0,0
21,Employed,163857,521271,6,1,0
55,Self-employed,74740,41948,24,1,1
39,Self-employed,121119,237689,24,1,0
32,Student,11523,54104,6,0,0
40,Employed,33950,63425,6,1,0
53,Employed,202241,956442,18,1,0
49,Employed,92209,149895,24,0,0
36,Employed,87278,167183,12,1,1
34,Employed,58488,194638,24,1,0
27,Unemployed,213,836,24,1,0
26,Employed,272146,750101,6,0,0
41,Employed,285678,1276843,6,1,0
56,Employed,100221,68258,24,1,1
42,Unemployed,4422,20561,36,0,0
39,Employed,91121,126055,36,1,1
45,Employed,129777,581280,24,1,0
23,Employed,21634,49842,36,1,0
56,Self-employed,299052,1270195,24,1,0
54,Unemployed,7473,26323,6,0,0
31,Employed,212644,274680,6,1,1
47,Employed,271917,1259305,6,1,0
